time,omega,k,h,实际位移m,速度m/s
0,6.40703863,4.188790205,10,0,0
0.016666667,6.40703863,4.188790205,10,1.80E-05,0.001082156
0.033333333,6.40703863,4.188790205,10,1.80E-05,-5.18E-07
0.05,6.40703863,4.188790205,10,1.80E-05,-1.25E-06
0.066666667,6.40703863,4.188790205,10,8.10E-05,0.003782533
0.083333333,6.40703863,4.188790205,10,8.10E-05,-2.79E-06
0.1,6.40703863,4.188790205,10,8.10E-05,-9.30E-07
0.116666667,6.40703863,4.188790205,10,8.11E-05,4.65E-06
0.133333333,6.40703863,4.188790205,10,8.11E-05,3.73E-06
0.15,6.40703863,4.188790205,10,0.000116614,0.002129283
0.166666667,6.40703863,4.188790205,10,0.000116836,1.33E-05
0.183333333,6.40703863,4.188790205,10,0.00014164,0.001488198
0.2,6.40703863,4.188790205,10,0.000346182,0.012272563
0.216666667,6.40703863,4.188790205,10,0.000400929,0.00328478
0.233333333,6.40703863,4.188790205,10,0.0004003,-3.77E-05
0.25,6.40703863,4.188790205,10,0.000517521,0.007033215
0.266666667,6.40703863,4.188790205,10,0.000543723,0.001572125
0.283333333,6.40703863,4.188790205,10,0.000542473,-7.50E-05
0.3,6.40703863,4.188790205,10,0.000540967,-9.04E-05
0.316666667,6.40703863,4.188790205,10,0.000744193,0.012193573
0.333333333,6.40703863,4.188790205,10,0.000743163,-6.18E-05
0.35,6.40703863,4.188790205,10,0.000671357,-0.004308358
0.366666667,6.40703863,4.188790205,10,0.000745063,0.004422346
0.383333333,6.40703863,4.188790205,10,0.00074429,-4.64E-05
0.4,6.40703863,4.188790205,10,0.000772151,0.001671689
0.416666667,6.40703863,4.188790205,10,0.000994972,0.013369212
0.433333333,6.40703863,4.188790205,10,0.001165804,0.010249936
0.45,6.40703863,4.188790205,10,0.001481883,0.01896472
0.466666667,6.40703863,4.188790205,10,0.001505299,0.001404991
0.483333333,6.40703863,4.188790205,10,0.001569197,0.003833859
0.5,6.40703863,4.188790205,10,0.002104997,0.032148025
0.516666667,6.40703863,4.188790205,10,0.002215709,0.006642735
0.533333333,6.40703863,4.188790205,10,0.002296229,0.004831188
0.55,6.40703863,4.188790205,10,0.0026563,0.021604274
0.566666667,6.40703863,4.188790205,10,0.002849312,0.011580665
0.583333333,6.40703863,4.188790205,10,0.003376585,0.031636416
0.6,6.40703863,4.188790205,10,0.003517106,0.008431232
0.616666667,6.40703863,4.188790205,10,0.003897318,0.022812759
0.633333333,6.40703863,4.188790205,10,0.004051636,0.009259076
0.65,6.40703863,4.188790205,10,0.004194886,0.008594976
0.666666667,6.40703863,4.188790205,10,0.004895017,0.042007853
0.683333333,6.40703863,4.188790205,10,0.005005418,0.0066241
0.7,6.40703863,4.188790205,10,0.005328159,0.019364462
0.716666667,6.40703863,4.188790205,10,0.005430635,0.006148516
0.733333333,6.40703863,4.188790205,10,0.005440451,0.000588985
0.75,6.40703863,4.188790205,10,0.005592025,0.009094411
0.766666667,6.40703863,4.188790205,10,0.006160689,0.034119876
0.783333333,6.40703863,4.188790205,10,0.006295841,0.008109102
0.8,6.40703863,4.188790205,10,0.006532933,0.01422551
0.816666667,6.40703863,4.188790205,10,0.006526414,-0.000391138
0.833333333,6.40703863,4.188790205,10,0.006820266,0.017631115
0.85,6.40703863,4.188790205,10,0.006838888,0.001117335
0.866666667,6.40703863,4.188790205,10,0.007232476,0.023615311
0.883333333,6.40703863,4.188790205,10,0.007217527,-0.000896981
0.9,6.40703863,4.188790205,10,0.007870845,0.03919912
0.916666667,6.40703863,4.188790205,10,0.007886845,0.000959948
0.933333333,6.40703863,4.188790205,10,0.007924679,0.002270046
0.95,6.40703863,4.188790205,10,0.00793133,0.000399075
0.966666667,6.40703863,4.188790205,10,0.008035343,0.006240759
0.983333333,6.40703863,4.188790205,10,0.008280501,0.014709511
1,6.40703863,4.188790205,10,0.008596793,0.018977528
1.016666667,6.40703863,4.188790205,10,0.008658696,0.003714177
1.033333333,6.40703863,4.188790205,10,0.008657235,-8.76E-05
1.05,6.40703863,4.188790205,10,0.008730257,0.00438131
1.066666667,6.40703863,4.188790205,10,0.009404803,0.040472752
1.083333333,6.40703863,4.188790205,10,0.009415905,0.000666105
1.1,6.40703863,4.188790205,10,0.009472799,0.003413652
1.116666667,6.40703863,4.188790205,10,0.009446962,-0.001550214
1.133333333,6.40703863,4.188790205,10,0.010158542,0.04269476
1.15,6.40703863,4.188790205,10,0.010177749,0.001152473
1.166666667,6.40703863,4.188790205,10,0.010175361,-0.000143313
1.183333333,6.40703863,4.188790205,10,0.010256319,0.004857468
1.2,6.40703863,4.188790205,10,0.010227257,-0.001743708
1.216666667,6.40703863,4.188790205,10,0.010306274,0.004741048
1.233333333,6.40703863,4.188790205,10,0.010277824,-0.001706991
1.25,6.40703863,4.188790205,10,0.010272002,-0.00034935
1.266666667,6.40703863,4.188790205,10,0.010671379,0.023962598
1.283333333,6.40703863,4.188790205,10,0.010678351,0.000418344
1.3,6.40703863,4.188790205,10,0.010677011,-8.04E-05
1.316666667,6.40703863,4.188790205,10,0.010740107,0.003785737
1.333333333,6.40703863,4.188790205,10,0.010742752,0.000158684
1.35,6.40703863,4.188790205,10,0.011131079,0.023299617
1.366666667,6.40703863,4.188790205,10,0.011102237,-0.001730491
1.383333333,6.40703863,4.188790205,10,0.011097073,-0.000309821
1.4,6.40703863,4.188790205,10,0.011196428,0.005961296
1.416666667,6.40703863,4.188790205,10,0.01116685,-0.001774719
1.433333333,6.40703863,4.188790205,10,0.011190397,0.00141285
1.45,6.40703863,4.188790205,10,0.01118991,-2.93E-05
1.466666667,6.40703863,4.188790205,10,0.011188215,-0.000101674
1.483333333,6.40703863,4.188790205,10,0.01127048,0.004935925
1.5,6.40703863,4.188790205,10,0.011428838,0.009501465
1.516666667,6.40703863,4.188790205,10,0.011430039,7.20E-05
1.533333333,6.40703863,4.188790205,10,0.011433316,0.000196597
1.55,6.40703863,4.188790205,10,0.011429209,-0.000246411
1.566666667,6.40703863,4.188790205,10,0.011344052,-0.005109415
1.583333333,6.40703863,4.188790205,10,0.01131166,-0.001943487
1.6,6.40703863,4.188790205,10,0.011333542,0.001312908
1.616666667,6.40703863,4.188790205,10,0.011336191,0.000158931
1.633333333,6.40703863,4.188790205,10,0.011331444,-0.000284794
1.65,6.40703863,4.188790205,10,0.011266696,-0.003884913
1.666666667,6.40703863,4.188790205,10,0.011263732,-0.000177851
1.683333333,6.40703863,4.188790205,10,0.011293869,0.001808251
1.7,6.40703863,4.188790205,10,0.011286455,-0.000444878
1.716666667,6.40703863,4.188790205,10,0.011029771,-0.015401042
1.733333333,6.40703863,4.188790205,10,0.011022899,-0.000412324
1.75,6.40703863,4.188790205,10,0.01096158,-0.003679123
1.766666667,6.40703863,4.188790205,10,0.010958894,-0.000161152
1.783333333,6.40703863,4.188790205,10,0.010955005,-0.000233334
1.8,6.40703863,4.188790205,10,0.010611265,-0.020624428
1.816666667,6.40703863,4.188790205,10,0.010610635,-3.78E-05
1.833333333,6.40703863,4.188790205,10,0.010612741,0.000126348
1.85,6.40703863,4.188790205,10,0.010613248,3.05E-05
1.866666667,6.40703863,4.188790205,10,0.010611774,-8.84E-05
1.883333333,6.40703863,4.188790205,10,0.010610078,-0.000101794
1.9,6.40703863,4.188790205,10,0.010611301,7.34E-05
1.916666667,6.40703863,4.188790205,10,0.010676366,0.003903922
1.933333333,6.40703863,4.188790205,10,0.010682173,0.000348412
1.95,6.40703863,4.188790205,10,0.010681585,-3.53E-05
1.966666667,6.40703863,4.188790205,10,0.010079462,-0.036127364
1.983333333,6.40703863,4.188790205,10,0.010111565,0.001926141
2,6.40703863,4.188790205,10,0.010287697,0.01056793
2.016666667,6.40703863,4.188790205,10,0.01029063,0.000175975
2.033333333,6.40703863,4.188790205,10,0.010291087,2.74E-05
2.05,6.40703863,4.188790205,10,0.010319356,0.001696143
2.066666667,6.40703863,4.188790205,10,0.010279327,-0.002401736
2.083333333,6.40703863,4.188790205,10,0.010278582,-4.47E-05
2.1,6.40703863,4.188790205,10,0.009978639,-0.01799661
2.116666667,6.40703863,4.188790205,10,0.00994844,-0.001811958
2.133333333,6.40703863,4.188790205,10,0.010048146,0.005982377
2.15,6.40703863,4.188790205,10,0.010049262,6.70E-05
2.166666667,6.40703863,4.188790205,10,0.010048786,-2.86E-05
2.183333333,6.40703863,4.188790205,10,0.010428869,0.022804999
2.2,6.40703863,4.188790205,10,0.01042461,-0.000255569
2.216666667,6.40703863,4.188790205,10,0.010495872,0.004275711
2.233333333,6.40703863,4.188790205,10,0.010374728,-0.007268638
2.25,6.40703863,4.188790205,10,0.009939163,-0.026133906
2.266666667,6.40703863,4.188790205,10,0.010036775,0.005856751
2.283333333,6.40703863,4.188790205,10,0.010034267,-0.000150482
2.3,6.40703863,4.188790205,10,0.010109518,0.004515043
2.316666667,6.40703863,4.188790205,10,0.010106483,-0.000182116
2.333333333,6.40703863,4.188790205,10,0.010112392,0.000354561
2.35,6.40703863,4.188790205,10,0.010431899,0.019170414
2.366666667,6.40703863,4.188790205,10,0.010430939,-5.76E-05
2.383333333,6.40703863,4.188790205,10,0.010428243,-0.000161748
2.4,6.40703863,4.188790205,10,0.010427824,-2.51E-05
2.416666667,6.40703863,4.188790205,10,0.010429474,9.90E-05
2.433333333,6.40703863,4.188790205,10,0.010430155,4.09E-05
2.45,6.40703863,4.188790205,10,0.010429043,-6.67E-05
2.466666667,6.40703863,4.188790205,10,0.010428161,-5.29E-05
2.483333333,6.40703863,4.188790205,10,0.010429786,9.75E-05
2.5,6.40703863,4.188790205,10,0.010629796,0.012000607
2.516666667,6.40703863,4.188790205,10,0.010627614,-0.000130913
2.533333333,6.40703863,4.188790205,10,0.010623238,-0.00026257
2.55,6.40703863,4.188790205,10,0.010691359,0.004087254
2.566666667,6.40703863,4.188790205,10,0.011178893,0.029252074
2.583333333,6.40703863,4.188790205,10,0.011183422,0.000271712
2.6,6.40703863,4.188790205,10,0.011179422,-0.000239964
2.616666667,6.40703863,4.188790205,10,0.01117919,-1.40E-05
2.633333333,6.40703863,4.188790205,10,0.01119355,0.000861638
2.65,6.40703863,4.188790205,10,0.011194175,3.75E-05
2.666666667,6.40703863,4.188790205,10,0.011193967,-1.25E-05
2.683333333,6.40703863,4.188790205,10,0.011225621,0.001899211
2.7,6.40703863,4.188790205,10,0.011304495,0.004732468
2.716666667,6.40703863,4.188790205,10,0.011640253,0.020145488
2.733333333,6.40703863,4.188790205,10,0.011640986,4.40E-05
2.75,6.40703863,4.188790205,10,0.011546196,-0.00568745
2.766666667,6.40703863,4.188790205,10,0.011546653,2.75E-05
2.783333333,6.40703863,4.188790205,10,0.01210843,0.0337066
2.8,6.40703863,4.188790205,10,0.01247527,0.022010393
2.816666667,6.40703863,4.188790205,10,0.012546231,0.004257668
2.833333333,6.40703863,4.188790205,10,0.012550039,0.000228507
2.85,6.40703863,4.188790205,10,0.012629649,0.004776554
2.866666667,6.40703863,4.188790205,10,0.012712655,0.004980401
2.883333333,6.40703863,4.188790205,10,0.012712483,-1.03E-05
2.9,6.40703863,4.188790205,10,0.013091025,0.022712467
2.916666667,6.40703863,4.188790205,10,0.013121875,0.001851032
2.933333333,6.40703863,4.188790205,10,0.013237153,0.006916676
2.95,6.40703863,4.188790205,10,0.013281532,0.002662718
2.966666667,6.40703863,4.188790205,10,0.013150628,-0.007854221
2.983333333,6.40703863,4.188790205,10,0.013247712,0.005825042
3,6.40703863,4.188790205,10,0.013432936,0.011113438
3.016666667,6.40703863,4.188790205,10,0.01340174,-0.001871762
3.033333333,6.40703863,4.188790205,10,0.013426736,0.001499789
3.05,6.40703863,4.188790205,10,0.013591543,0.009888395
3.066666667,6.40703863,4.188790205,10,0.013591105,-2.63E-05
3.083333333,6.40703863,4.188790205,10,0.013590028,-6.46E-05
3.1,6.40703863,4.188790205,10,0.013733468,0.008606375
3.116666667,6.40703863,4.188790205,10,0.01373437,5.41E-05
3.133333333,6.40703863,4.188790205,10,0.013734151,-1.32E-05
3.15,6.40703863,4.188790205,10,0.014040957,0.018408404
3.166666667,6.40703863,4.188790205,10,0.014009949,-0.001860499
3.183333333,6.40703863,4.188790205,10,0.014010254,1.83E-05
3.2,6.40703863,4.188790205,10,0.014009843,-2.47E-05
3.216666667,6.40703863,4.188790205,10,0.013982683,-0.001629594
3.233333333,6.40703863,4.188790205,10,0.013880419,-0.006135818
3.25,6.40703863,4.188790205,10,0.013877942,-0.000148613
3.266666667,6.40703863,4.188790205,10,0.013881078,0.000188148
3.283333333,6.40703863,4.188790205,10,0.013856603,-0.001468484
3.3,6.40703863,4.188790205,10,0.013834512,-0.001325507
3.316666667,6.40703863,4.188790205,10,0.014299042,0.027871794
3.333333333,6.40703863,4.188790205,10,0.014299713,4.03E-05
3.35,6.40703863,4.188790205,10,0.014300209,2.98E-05
3.366666667,6.40703863,4.188790205,10,0.014297636,-0.000154378
3.383333333,6.40703863,4.188790205,10,0.014296826,-4.86E-05
3.4,6.40703863,4.188790205,10,0.014517361,0.013232144
3.416666667,6.40703863,4.188790205,10,0.014620472,0.006186646
3.433333333,6.40703863,4.188790205,10,0.014619059,-8.48E-05
3.45,6.40703863,4.188790205,10,0.014669902,0.003050599
3.466666667,6.40703863,4.188790205,10,0.014616401,-0.003210088
3.483333333,6.40703863,4.188790205,10,0.014616469,4.09E-06
3.5,6.40703863,4.188790205,10,0.014765756,0.008957213
3.516666667,6.40703863,4.188790205,10,0.014787071,0.001278922
3.533333333,6.40703863,4.188790205,10,0.014785377,-0.000101614
3.55,6.40703863,4.188790205,10,0.014785997,3.72E-05
3.566666667,6.40703863,4.188790205,10,0.014785103,-5.36E-05
3.583333333,6.40703863,4.188790205,10,0.014834598,0.002969672
3.6,6.40703863,4.188790205,10,0.014830713,-0.000233089
3.616666667,6.40703863,4.188790205,10,0.01490509,0.004462608
3.633333333,6.40703863,4.188790205,10,0.014904623,-2.80E-05
3.65,6.40703863,4.188790205,10,0.015331188,0.025593916
3.666666667,6.40703863,4.188790205,10,0.015328806,-0.000142907
3.683333333,6.40703863,4.188790205,10,0.015388081,0.003556507
3.7,6.40703863,4.188790205,10,0.01545089,0.00376851
3.716666667,6.40703863,4.188790205,10,0.0153309,-0.007199371
3.733333333,6.40703863,4.188790205,10,0.015332487,9.52E-05
3.75,6.40703863,4.188790205,10,0.015331164,-7.94E-05
3.766666667,6.40703863,4.188790205,10,0.015417064,0.005154048
3.783333333,6.40703863,4.188790205,10,0.015384587,-0.001948653
3.8,6.40703863,4.188790205,10,0.015381788,-0.000167942
3.816666667,6.40703863,4.188790205,10,0.014960274,-0.025290842
3.833333333,6.40703863,4.188790205,10,0.014960741,2.80E-05
3.85,6.40703863,4.188790205,10,0.014959717,-6.14E-05
3.866666667,6.40703863,4.188790205,10,0.014377004,-0.034962805
3.883333333,6.40703863,4.188790205,10,0.014778579,0.024094485
3.9,6.40703863,4.188790205,10,0.014777933,-3.87E-05
3.916666667,6.40703863,4.188790205,10,0.014451175,-0.01960549
3.933333333,6.40703863,4.188790205,10,0.014450387,-4.72E-05
3.95,6.40703863,4.188790205,10,0.014387466,-0.003775317
3.966666667,6.40703863,4.188790205,10,0.014381714,-0.000345089
3.983333333,6.40703863,4.188790205,10,0.013990599,-0.023466915
4,6.40703863,4.188790205,10,0.014198157,0.012453514
4.016666667,6.40703863,4.188790205,10,0.014196294,-0.000111793
4.033333333,6.40703863,4.188790205,10,0.013819597,-0.022601826
4.05,6.40703863,4.188790205,10,0.01387739,0.00346758
4.066666667,6.40703863,4.188790205,10,0.013875323,-0.000124
4.083333333,6.40703863,4.188790205,10,0.013872354,-0.00017818
4.1,6.40703863,4.188790205,10,0.014046908,0.010473233
4.116666667,6.40703863,4.188790205,10,0.013915594,-0.007878834
4.133333333,6.40703863,4.188790205,10,0.013698186,-0.013044445
4.15,6.40703863,4.188790205,10,0.013803841,0.006339305
4.166666667,6.40703863,4.188790205,10,0.01380454,4.19E-05
4.183333333,6.40703863,4.188790205,10,0.0141212,0.018999606
4.2,6.40703863,4.188790205,10,0.014085248,-0.002157136
4.216666667,6.40703863,4.188790205,10,0.014084555,-4.16E-05
4.233333333,6.40703863,4.188790205,10,0.014084047,-3.05E-05
4.25,6.40703863,4.188790205,10,0.014158275,0.004453688
4.266666667,6.40703863,4.188790205,10,0.014157989,-1.72E-05
4.283333333,6.40703863,4.188790205,10,0.014117916,-0.002404397
4.3,6.40703863,4.188790205,10,0.014116913,-6.02E-05
4.316666667,6.40703863,4.188790205,10,0.014117958,6.27E-05
4.333333333,6.40703863,4.188790205,10,0.01414663,0.00172033
4.35,6.40703863,4.188790205,10,0.014147268,3.83E-05
4.366666667,6.40703863,4.188790205,10,0.014146487,-4.69E-05
4.383333333,6.40703863,4.188790205,10,0.014241525,0.005702285
4.4,6.40703863,4.188790205,10,0.014244935,0.000204608
4.416666667,6.40703863,4.188790205,10,0.014244009,-5.56E-05
4.433333333,6.40703863,4.188790205,10,0.014568028,0.019441106
4.45,6.40703863,4.188790205,10,0.014683123,0.006905697
4.466666667,6.40703863,4.188790205,10,0.014683498,2.25E-05
4.483333333,6.40703863,4.188790205,10,0.014684021,3.13E-05
4.5,6.40703863,4.188790205,10,0.014627286,-0.003404084
4.516666667,6.40703863,4.188790205,10,0.014626455,-4.99E-05
4.533333333,6.40703863,4.188790205,10,0.014694412,0.004077447
4.55,6.40703863,4.188790205,10,0.014777331,0.004975126
4.566666667,6.40703863,4.188790205,10,0.014862782,0.005127085
4.583333333,6.40703863,4.188790205,10,0.014861127,-9.94E-05
4.6,6.40703863,4.188790205,10,0.015373036,0.030714562
4.616666667,6.40703863,4.188790205,10,0.015336967,-0.002164114
4.633333333,6.40703863,4.188790205,10,0.015338456,8.93E-05
4.65,6.40703863,4.188790205,10,0.015479193,0.008444202
4.666666667,6.40703863,4.188790205,10,0.015687877,0.012521051
4.683333333,6.40703863,4.188790205,10,0.015687799,-4.66E-06
4.7,6.40703863,4.188790205,10,0.015687866,3.99E-06
4.716666667,6.40703863,4.188790205,10,0.015834731,0.008811891
4.733333333,6.40703863,4.188790205,10,0.015835687,5.74E-05
4.75,6.40703863,4.188790205,10,0.01583527,-2.50E-05
4.766666667,6.40703863,4.188790205,10,0.016149704,0.018866042
4.783333333,6.40703863,4.188790205,10,0.016334528,0.011089437
4.8,6.40703863,4.188790205,10,0.0163353,4.63E-05
4.816666667,6.40703863,4.188790205,10,0.016752234,0.025016038
4.833333333,6.40703863,4.188790205,10,0.016920087,0.010071209
4.85,6.40703863,4.188790205,10,0.01699941,0.004759379
4.866666667,6.40703863,4.188790205,10,0.01711129,0.006712764
4.883333333,6.40703863,4.188790205,10,0.017273243,0.009717198
4.9,6.40703863,4.188790205,10,0.017351325,0.004684924
4.916666667,6.40703863,4.188790205,10,0.017856954,0.030337718
4.933333333,6.40703863,4.188790205,10,0.017892068,0.002106842
4.95,6.40703863,4.188790205,10,0.017974167,0.00492597
4.966666667,6.40703863,4.188790205,10,0.018175708,0.012092432
4.983333333,6.40703863,4.188790205,10,0.01852774,0.021121906
5,6.40703863,4.188790205,10,0.018750155,0.013344896
5.016666667,6.40703863,4.188790205,10,0.018746144,-0.000240611
5.033333333,6.40703863,4.188790205,10,0.018970392,0.013454848
5.05,6.40703863,4.188790205,10,0.01908518,0.006887292
5.066666667,6.40703863,4.188790205,10,0.019085671,2.94E-05
5.083333333,6.40703863,4.188790205,10,0.019127063,0.002483508
5.1,6.40703863,4.188790205,10,0.019500203,0.022388405
5.116666667,6.40703863,4.188790205,10,0.019500358,9.32E-06
5.133333333,6.40703863,4.188790205,10,0.019683336,0.010978685
5.15,6.40703863,4.188790205,10,0.019683073,-1.58E-05
5.166666667,6.40703863,4.188790205,10,0.019684589,9.10E-05
5.183333333,6.40703863,4.188790205,10,0.019772847,0.005295452
5.2,6.40703863,4.188790205,10,0.020200183,0.025640155
5.216666667,6.40703863,4.188790205,10,0.020239038,0.002331326
5.233333333,6.40703863,4.188790205,10,0.020241116,0.000124638
5.25,6.40703863,4.188790205,10,0.020240663,-2.71E-05
5.266666667,6.40703863,4.188790205,10,0.020237582,-0.000184862
5.283333333,6.40703863,4.188790205,10,0.020237959,2.26E-05
5.3,6.40703863,4.188790205,10,0.020238713,4.52E-05
5.316666667,6.40703863,4.188790205,10,0.020238128,-3.51E-05
5.333333333,6.40703863,4.188790205,10,0.020238336,1.25E-05
5.35,6.40703863,4.188790205,10,0.020239317,5.88E-05
5.366666667,6.40703863,4.188790205,10,0.020195694,-0.002617389
5.383333333,6.40703863,4.188790205,10,0.020195335,-2.15E-05
5.4,6.40703863,4.188790205,10,0.02019577,2.61E-05
5.416666667,6.40703863,4.188790205,10,0.020186337,-0.000566
5.433333333,6.40703863,4.188790205,10,0.020186726,2.33E-05
5.45,6.40703863,4.188790205,10,0.02018091,-0.000348971
5.466666667,6.40703863,4.188790205,10,0.02018018,-4.38E-05
5.483333333,6.40703863,4.188790205,10,0.020179542,-3.83E-05
5.5,6.40703863,4.188790205,10,0.020098936,-0.004836317
5.516666667,6.40703863,4.188790205,10,0.020170699,0.004305778
5.533333333,6.40703863,4.188790205,10,0.020168637,-0.000123752
5.55,6.40703863,4.188790205,10,0.020166932,-0.000102267
5.566666667,6.40703863,4.188790205,10,0.019977635,-0.011357856
5.583333333,6.40703863,4.188790205,10,0.020079112,0.006088649
5.6,6.40703863,4.188790205,10,0.020296368,0.013035325
5.616666667,6.40703863,4.188790205,10,0.020295884,-2.90E-05
5.633333333,6.40703863,4.188790205,10,0.020276873,-0.001140649
5.65,6.40703863,4.188790205,10,0.020542505,0.015937935
5.666666667,6.40703863,4.188790205,10,0.020542747,1.45E-05
5.683333333,6.40703863,4.188790205,10,0.020569846,0.001625956
5.7,6.40703863,4.188790205,10,0.02058269,0.000770609
5.716666667,6.40703863,4.188790205,10,0.020675322,0.005557957
5.733333333,6.40703863,4.188790205,10,0.020673863,-8.75E-05
5.75,6.40703863,4.188790205,10,0.021126837,0.027178425
5.766666667,6.40703863,4.188790205,10,0.02117187,0.002701987
5.783333333,6.40703863,4.188790205,10,0.021238509,0.003998334
5.8,6.40703863,4.188790205,10,0.021351136,0.006757622
5.816666667,6.40703863,4.188790205,10,0.021323815,-0.001639267
5.833333333,6.40703863,4.188790205,10,0.021272594,-0.003073245
5.85,6.40703863,4.188790205,10,0.02127276,9.94E-06
5.866666667,6.40703863,4.188790205,10,0.021465272,0.011550704
5.883333333,6.40703863,4.188790205,10,0.021464341,-5.58E-05
5.9,6.40703863,4.188790205,10,0.021506012,0.002500245
5.916666667,6.40703863,4.188790205,10,0.021494887,-0.000667508
5.933333333,6.40703863,4.188790205,10,0.021656909,0.009721312
5.95,6.40703863,4.188790205,10,0.02171264,0.003343884
5.966666667,6.40703863,4.188790205,10,0.021714312,0.000100329
5.983333333,6.40703863,4.188790205,10,0.021871031,0.009403152
6,6.40703863,4.188790205,10,0.02195534,0.005058524
6.016666667,6.40703863,4.188790205,10,0.021948268,-0.000424318
6.033333333,6.40703863,4.188790205,10,0.021984749,0.002188846
6.05,6.40703863,4.188790205,10,0.021960378,-0.001462242
6.066666667,6.40703863,4.188790205,10,0.02195586,-0.000271094
6.083333333,6.40703863,4.188790205,10,0.021955066,-4.76E-05
6.1,6.40703863,4.188790205,10,0.022222406,0.016040377
6.116666667,6.40703863,4.188790205,10,0.02239871,0.010578252
6.133333333,6.40703863,4.188790205,10,0.022397886,-4.94E-05
6.15,6.40703863,4.188790205,10,0.022551575,0.00922133
6.166666667,6.40703863,4.188790205,10,0.022546819,-0.000285391
6.183333333,6.40703863,4.188790205,10,0.022642224,0.005724335
6.2,6.40703863,4.188790205,10,0.02298189,0.020379911
6.216666667,6.40703863,4.188790205,10,0.023175052,0.011589767
6.233333333,6.40703863,4.188790205,10,0.023173376,-0.000100556
6.25,6.40703863,4.188790205,10,0.023321673,0.008897775
6.266666667,6.40703863,4.188790205,10,0.023320785,-5.33E-05
6.283333333,6.40703863,4.188790205,10,0.023574143,0.015201481
6.3,6.40703863,4.188790205,10,0.024001318,0.025630472
6.316666667,6.40703863,4.188790205,10,0.024138012,0.008201642
6.333333333,6.40703863,4.188790205,10,0.024138859,5.08E-05
6.35,6.40703863,4.188790205,10,0.024376656,0.014267866
6.366666667,6.40703863,4.188790205,10,0.02438075,0.000245622
6.383333333,6.40703863,4.188790205,10,0.024381592,5.05E-05
6.4,6.40703863,4.188790205,10,0.024883847,0.030135318
6.416666667,6.40703863,4.188790205,10,0.024884263,2.50E-05
6.433333333,6.40703863,4.188790205,10,0.024883866,-2.39E-05
6.45,6.40703863,4.188790205,10,0.025022129,0.00829576
6.466666667,6.40703863,4.188790205,10,0.025022545,2.50E-05
6.483333333,6.40703863,4.188790205,10,0.025022991,2.67E-05
6.5,6.40703863,4.188790205,10,0.025300268,0.016636646
6.516666667,6.40703863,4.188790205,10,0.025299378,-5.34E-05
6.533333333,6.40703863,4.188790205,10,0.025300659,7.69E-05
6.55,6.40703863,4.188790205,10,0.025513622,0.012777782
6.566666667,6.40703863,4.188790205,10,0.025512749,-5.24E-05
6.583333333,6.40703863,4.188790205,10,0.025513523,4.64E-05
6.6,6.40703863,4.188790205,10,0.025453928,-0.003575687
6.616666667,6.40703863,4.188790205,10,0.025457673,0.000224717
6.633333333,6.40703863,4.188790205,10,0.025455434,-0.000134371
6.65,6.40703863,4.188790205,10,0.02545255,-0.000173042
6.666666667,6.40703863,4.188790205,10,0.025449526,-0.000181418
6.683333333,6.40703863,4.188790205,10,0.025537758,0.005293919
6.7,6.40703863,4.188790205,10,0.025536917,-5.05E-05
6.716666667,6.40703863,4.188790205,10,0.02553518,-0.00010418
6.733333333,6.40703863,4.188790205,10,0.025662934,0.007665212
6.75,6.40703863,4.188790205,10,0.025599232,-0.003822124
6.766666667,6.40703863,4.188790205,10,0.025597135,-0.000125821
6.783333333,6.40703863,4.188790205,10,0.025595439,-0.00010177
6.8,6.40703863,4.188790205,10,0.025595445,3.95E-07
6.816666667,6.40703863,4.188790205,10,0.025595029,-2.50E-05
6.833333333,6.40703863,4.188790205,10,0.025536639,-0.003503389
6.85,6.40703863,4.188790205,10,0.025530705,-0.000356
6.866666667,6.40703863,4.188790205,10,0.025530709,2.13E-07
6.883333333,6.40703863,4.188790205,10,0.025861684,0.019858504
6.9,6.40703863,4.188790205,10,0.025862946,7.57E-05
6.916666667,6.40703863,4.188790205,10,0.025955839,0.005573575
6.933333333,6.40703863,4.188790205,10,0.025956579,4.44E-05
6.95,6.40703863,4.188790205,10,0.025957844,7.59E-05
6.966666667,6.40703863,4.188790205,10,0.025955948,-0.000113768
6.983333333,6.40703863,4.188790205,10,0.026044201,0.005295161
7,6.40703863,4.188790205,10,0.026079171,0.00209819
7.016666667,6.40703863,4.188790205,10,0.026158216,0.004742691
7.033333333,6.40703863,4.188790205,10,0.026157945,-1.62E-05
7.05,6.40703863,4.188790205,10,0.026242953,0.005100468
7.066666667,6.40703863,4.188790205,10,0.026244222,7.61E-05
7.083333333,6.40703863,4.188790205,10,0.026242101,-0.000127257
7.1,6.40703863,4.188790205,10,0.02624126,-5.05E-05
7.116666667,6.40703863,4.188790205,10,0.026267475,0.001572906
7.133333333,6.40703863,4.188790205,10,0.026597028,0.019773208
7.15,6.40703863,4.188790205,10,0.026596183,-5.07E-05
7.166666667,6.40703863,4.188790205,10,0.026593569,-0.00015681
7.183333333,6.40703863,4.188790205,10,0.026595587,0.000121082
7.2,6.40703863,4.188790205,10,0.026723684,0.007685804
7.216666667,6.40703863,4.188790205,10,0.026724108,2.54E-05
7.233333333,6.40703863,4.188790205,10,0.026724532,2.55E-05
7.25,6.40703863,4.188790205,10,0.02671968,-0.000291106
7.266666667,6.40703863,4.188790205,10,0.02683193,0.006735001
7.283333333,6.40703863,4.188790205,10,0.026830659,-7.63E-05
7.3,6.40703863,4.188790205,10,0.026830236,-2.54E-05
7.316666667,6.40703863,4.188790205,10,0.026917097,0.005211685
7.333333333,6.40703863,4.188790205,10,0.026916875,-1.33E-05
7.35,6.40703863,4.188790205,10,0.027136788,0.013194767
7.366666667,6.40703863,4.188790205,10,0.027136362,-2.56E-05
7.383333333,6.40703863,4.188790205,10,0.027136366,2.76E-07
7.4,6.40703863,4.188790205,10,0.02713498,-8.32E-05
7.416666667,6.40703863,4.188790205,10,0.02701501,-0.007198177
7.433333333,6.40703863,4.188790205,10,0.027014049,-5.77E-05
7.45,6.40703863,4.188790205,10,0.027017165,0.00018695
7.466666667,6.40703863,4.188790205,10,0.027018409,7.46E-05
7.483333333,6.40703863,4.188790205,10,0.027018991,3.49E-05
7.5,6.40703863,4.188790205,10,0.026910307,-0.006521058
7.516666667,6.40703863,4.188790205,10,0.026911146,5.03E-05
7.533333333,6.40703863,4.188790205,10,0.026857932,-0.003192822
7.55,6.40703863,4.188790205,10,0.026856674,-7.55E-05
7.566666667,6.40703863,4.188790205,10,0.026856718,2.64E-06
7.583333333,6.40703863,4.188790205,10,0.026858422,0.000102228
7.6,6.40703863,4.188790205,10,0.026811633,-0.002807327
7.616666667,6.40703863,4.188790205,10,0.026743967,-0.004059989
7.633333333,6.40703863,4.188790205,10,0.026691859,-0.003126466
7.65,6.40703863,4.188790205,10,0.026689321,-0.000152304
7.666666667,6.40703863,4.188790205,10,0.026426382,-0.015776312
7.683333333,6.40703863,4.188790205,10,0.026428944,0.000153742
7.7,6.40703863,4.188790205,10,0.026283194,-0.008745046
7.716666667,6.40703863,4.188790205,10,0.026285328,0.000128053
7.733333333,6.40703863,4.188790205,10,0.026285574,1.47E-05
7.75,6.40703863,4.188790205,10,0.02628515,-2.54E-05
7.766666667,6.40703863,4.188790205,10,0.026350383,0.003913996
7.783333333,6.40703863,4.188790205,10,0.026361306,0.000655409
7.8,6.40703863,4.188790205,10,0.026451831,0.005431495
7.816666667,6.40703863,4.188790205,10,0.026516994,0.003909784
7.833333333,6.40703863,4.188790205,10,0.026519286,0.000137472
7.85,6.40703863,4.188790205,10,0.0266102,0.005454871
7.866666667,6.40703863,4.188790205,10,0.026619707,0.000570421
7.883333333,6.40703863,4.188790205,10,0.026618357,-8.10E-05
7.9,6.40703863,4.188790205,10,0.026938659,0.019218139
7.916666667,6.40703863,4.188790205,10,0.026940391,0.000103926
7.933333333,6.40703863,4.188790205,10,0.026950437,0.000602782
7.95,6.40703863,4.188790205,10,0.026951336,5.39E-05
7.966666667,6.40703863,4.188790205,10,0.027009114,0.003466661
7.983333333,6.40703863,4.188790205,10,0.026957164,-0.003117019
8,6.40703863,4.188790205,10,0.026985276,0.001686769
8.016666667,6.40703863,4.188790205,10,0.026933248,-0.003121695
8.033333333,6.40703863,4.188790205,10,0.026933258,5.63E-07
8.05,6.40703863,4.188790205,10,0.026933684,2.56E-05
8.066666667,6.40703863,4.188790205,10,0.026884667,-0.002941051
8.083333333,6.40703863,4.188790205,10,0.026754968,-0.007781961
8.1,6.40703863,4.188790205,10,0.026544769,-0.01261193
8.116666667,6.40703863,4.188790205,10,0.026376994,-0.01006651
8.133333333,6.40703863,4.188790205,10,0.026330956,-0.002762262
8.15,6.40703863,4.188790205,10,0.026179521,-0.009086092
8.166666667,6.40703863,4.188790205,10,0.026179553,1.93E-06
8.183333333,6.40703863,4.188790205,10,0.026112021,-0.004051923
8.2,6.40703863,4.188790205,10,0.026059102,-0.003175149
8.216666667,6.40703863,4.188790205,10,0.026023382,-0.002143202
8.233333333,6.40703863,4.188790205,10,0.026027475,0.000245609
8.25,6.40703863,4.188790205,10,0.026021704,-0.000346316
8.266666667,6.40703863,4.188790205,10,0.025754965,-0.01600432
8.283333333,6.40703863,4.188790205,10,0.025748479,-0.00038914
8.3,6.40703863,4.188790205,10,0.025716518,-0.001917655
8.316666667,6.40703863,4.188790205,10,0.025716459,-3.55E-06
8.333333333,6.40703863,4.188790205,10,0.025706981,-0.000568664
8.35,6.40703863,4.188790205,10,0.025704791,-0.000131448
8.366666667,6.40703863,4.188790205,10,0.025631438,-0.00440113
8.383333333,6.40703863,4.188790205,10,0.025622766,-0.000520327
8.4,6.40703863,4.188790205,10,0.025663958,0.002471481
8.416666667,6.40703863,4.188790205,10,0.025659658,-0.000257969
8.433333333,6.40703863,4.188790205,10,0.025805893,0.008774111
8.45,6.40703863,4.188790205,10,0.025800787,-0.000306396
8.466666667,6.40703863,4.188790205,10,0.025896595,0.005748514
8.483333333,6.40703863,4.188790205,10,0.026031199,0.008076215
8.5,6.40703863,4.188790205,10,0.026166565,0.008121936
8.516666667,6.40703863,4.188790205,10,0.02616436,-0.00013225
8.533333333,6.40703863,4.188790205,10,0.026198463,0.002046128
8.55,6.40703863,4.188790205,10,0.026500207,0.018104641
8.566666667,6.40703863,4.188790205,10,0.026650739,0.009031975
8.583333333,6.40703863,4.188790205,10,0.026653987,0.000194879
8.6,6.40703863,4.188790205,10,0.026864849,0.012651678
8.616666667,6.40703863,4.188790205,10,0.02686648,9.78E-05
8.633333333,6.40703863,4.188790205,10,0.027288144,0.02529987
8.65,6.40703863,4.188790205,10,0.027290234,0.000125427
8.666666667,6.40703863,4.188790205,10,0.027396095,0.006351617
8.683333333,6.40703863,4.188790205,10,0.027447064,0.00305817
8.7,6.40703863,4.188790205,10,0.027618073,0.010260516
8.716666667,6.40703863,4.188790205,10,0.027619024,5.71E-05
8.733333333,6.40703863,4.188790205,10,0.027622655,0.000217859
8.75,6.40703863,4.188790205,10,0.027625269,0.000156824
8.766666667,6.40703863,4.188790205,10,0.027796316,0.010262808
8.783333333,6.40703863,4.188790205,10,0.027916963,0.007238847
8.8,6.40703863,4.188790205,10,0.027922486,0.000331359
8.816666667,6.40703863,4.188790205,10,0.028220084,0.017855894
8.833333333,6.40703863,4.188790205,10,0.028223518,0.00020606
8.85,6.40703863,4.188790205,10,0.028631944,0.024505526
8.866666667,6.40703863,4.188790205,10,0.028637991,0.000362868
8.883333333,6.40703863,4.188790205,10,0.028635947,-0.000122672
8.9,6.40703863,4.188790205,10,0.028673109,0.002229735
8.916666667,6.40703863,4.188790205,10,0.028684659,0.000692981
8.933333333,6.40703863,4.188790205,10,0.028687632,0.000178408
8.95,6.40703863,4.188790205,10,0.028869971,0.010940342
8.966666667,6.40703863,4.188790205,10,0.028884717,0.000884765
8.983333333,6.40703863,4.188790205,10,0.028894476,0.000585531
9,6.40703863,4.188790205,10,0.029094469,0.01199957
9.016666667,6.40703863,4.188790205,10,0.02913175,0.002236863
9.033333333,6.40703863,4.188790205,10,0.02913215,2.40E-05
9.05,6.40703863,4.188790205,10,0.029281515,0.008961853
9.066666667,6.40703863,4.188790205,10,0.029354568,0.004383226
9.083333333,6.40703863,4.188790205,10,0.029354038,-3.18E-05
9.1,6.40703863,4.188790205,10,0.029366714,0.00076054
9.116666667,6.40703863,4.188790205,10,0.029366277,-2.62E-05
9.133333333,6.40703863,4.188790205,10,0.029489293,0.007380954
9.15,6.40703863,4.188790205,10,0.029488084,-7.26E-05
9.166666667,6.40703863,4.188790205,10,0.029552219,0.00384814
9.183333333,6.40703863,4.188790205,10,0.029579718,0.001649919
9.2,6.40703863,4.188790205,10,0.029580605,5.32E-05
9.216666667,6.40703863,4.188790205,10,0.029601266,0.001239706
9.233333333,6.40703863,4.188790205,10,0.029724193,0.007375615
9.25,6.40703863,4.188790205,10,0.02973283,0.000518213
9.266666667,6.40703863,4.188790205,10,0.029625322,-0.006450512
9.283333333,6.40703863,4.188790205,10,0.029648735,0.001404796
9.3,6.40703863,4.188790205,10,0.029647862,-5.24E-05
9.316666667,6.40703863,4.188790205,10,0.029757042,0.006550774
9.333333333,6.40703863,4.188790205,10,0.029757042,0
9.35,6.40703863,4.188790205,10,0.029809849,0.003168436
9.366666667,6.40703863,4.188790205,10,0.029809173,-4.06E-05
9.383333333,6.40703863,4.188790205,10,0.029813461,0.000257276
9.4,6.40703863,4.188790205,10,0.029935509,0.007322849
9.416666667,6.40703863,4.188790205,10,0.029878527,-0.003418931
9.433333333,6.40703863,4.188790205,10,0.029878345,-1.09E-05
9.45,6.40703863,4.188790205,10,0.029865449,-0.00077374
9.466666667,6.40703863,4.188790205,10,0.029865223,-1.36E-05
9.483333333,6.40703863,4.188790205,10,0.029761158,-0.006243881
9.5,6.40703863,4.188790205,10,0.029751829,-0.000559751
9.516666667,6.40703863,4.188790205,10,0.029747838,-0.000239417
9.533333333,6.40703863,4.188790205,10,0.029746667,-7.03E-05
9.55,6.40703863,4.188790205,10,0.029747338,4.03E-05
9.566666667,6.40703863,4.188790205,10,0.02970873,-0.00231651
9.583333333,6.40703863,4.188790205,10,0.029708269,-2.76E-05
9.6,6.40703863,4.188790205,10,0.029722516,0.000854811
9.616666667,6.40703863,4.188790205,10,0.029722773,1.54E-05
9.633333333,6.40703863,4.188790205,10,0.029727098,0.000259522
9.65,6.40703863,4.188790205,10,0.029727099,3.95E-08
9.666666667,6.40703863,4.188790205,10,0.029747579,0.001228782
9.683333333,6.40703863,4.188790205,10,0.029811399,0.003829223
9.7,6.40703863,4.188790205,10,0.02985328,0.002512826
9.716666667,6.40703863,4.188790205,10,0.029946665,0.005603135
9.733333333,6.40703863,4.188790205,10,0.029946893,1.37E-05
9.75,6.40703863,4.188790205,10,0.029946911,1.05E-06
9.766666667,6.40703863,4.188790205,10,0.029901122,-0.002747313
9.783333333,6.40703863,4.188790205,10,0.029925861,0.001484324
9.8,6.40703863,4.188790205,10,0.029925818,-2.61E-06
9.816666667,6.40703863,4.188790205,10,0.029925809,-5.23E-07
9.833333333,6.40703863,4.188790205,10,0.029925226,-3.50E-05
9.85,6.40703863,4.188790205,10,0.030601092,0.04055197
9.866666667,6.40703863,4.188790205,10,0.03060023,-5.17E-05
9.883333333,6.40703863,4.188790205,10,0.030598917,-7.88E-05
9.9,6.40703863,4.188790205,10,0.030629553,0.001838132
9.916666667,6.40703863,4.188790205,10,0.030666088,0.002192143
9.933333333,6.40703863,4.188790205,10,0.030737669,0.004294856
9.95,6.40703863,4.188790205,10,0.030736518,-6.91E-05
9.966666667,6.40703863,4.188790205,10,0.030716568,-0.001196974
9.983333333,6.40703863,4.188790205,10,0.030786289,0.004183243
10,6.40703863,4.188790205,10,0.031126433,0.020408641
10.01666667,6.40703863,4.188790205,10,0.031147417,0.001259062
10.03333333,6.40703863,4.188790205,10,0.031146772,-3.87E-05
10.05,6.40703863,4.188790205,10,0.031273581,0.00760854
10.06666667,6.40703863,4.188790205,10,0.031384978,0.006683832
10.08333333,6.40703863,4.188790205,10,0.031401212,0.000974064
10.1,6.40703863,4.188790205,10,0.031966827,0.033936901
10.11666667,6.40703863,4.188790205,10,0.031965678,-6.90E-05
10.13333333,6.40703863,4.188790205,10,0.031966402,4.34E-05
10.15,6.40703863,4.188790205,10,0.032072349,0.006356812
10.16666667,6.40703863,4.188790205,10,0.032071047,-7.81E-05
10.18333333,6.40703863,4.188790205,10,0.03225052,0.01076834
10.2,6.40703863,4.188790205,10,0.032275462,0.001496551
10.21666667,6.40703863,4.188790205,10,0.032310359,0.002093831
10.23333333,6.40703863,4.188790205,10,0.032371215,0.003651368
10.25,6.40703863,4.188790205,10,0.032659854,0.017318303
10.26666667,6.40703863,4.188790205,10,0.032688198,0.001700665
10.28333333,6.40703863,4.188790205,10,0.032815972,0.007666418
10.3,6.40703863,4.188790205,10,0.032814812,-6.96E-05
10.31666667,6.40703863,4.188790205,10,0.033177613,0.021768066
10.33333333,6.40703863,4.188790205,10,0.033215154,0.002252421
10.35,6.40703863,4.188790205,10,0.033210795,-0.000261532
10.36666667,6.40703863,4.188790205,10,0.033471432,0.015638224
10.38333333,6.40703863,4.188790205,10,0.033500493,0.001743657
10.4,6.40703863,4.188790205,10,0.033578439,0.004676775
10.41666667,6.40703863,4.188790205,10,0.033909305,0.019851944
10.43333333,6.40703863,4.188790205,10,0.034309499,0.024011668
10.45,6.40703863,4.188790205,10,0.034335351,0.001551127
10.46666667,6.40703863,4.188790205,10,0.034635285,0.017996004
10.48333333,6.40703863,4.188790205,10,0.034691227,0.003356513
10.5,6.40703863,4.188790205,10,0.035044116,0.021173371
10.51666667,6.40703863,4.188790205,10,0.035132876,0.005325606
10.53333333,6.40703863,4.188790205,10,0.035482805,0.020995693
10.55,6.40703863,4.188790205,10,0.035532408,0.002976207
10.56666667,6.40703863,4.188790205,10,0.035588068,0.003339584
10.58333333,6.40703863,4.188790205,10,0.036545839,0.057466257
10.6,6.40703863,4.188790205,10,0.036655164,0.006559521
10.61666667,6.40703863,4.188790205,10,0.03708361,0.025706746
10.63333333,6.40703863,4.188790205,10,0.037191607,0.006479847
10.65,6.40703863,4.188790205,10,0.037551995,0.021623292
10.66666667,6.40703863,4.188790205,10,0.037614721,0.003763543
10.68333333,6.40703863,4.188790205,10,0.037886658,0.016316222
10.7,6.40703863,4.188790205,10,0.038244052,0.02144362
10.71666667,6.40703863,4.188790205,10,0.038319822,0.004546223
10.73333333,6.40703863,4.188790205,10,0.038606311,0.0171893
10.75,6.40703863,4.188790205,10,0.038919124,0.018768803
10.76666667,6.40703863,4.188790205,10,0.039103553,0.01106577
10.78333333,6.40703863,4.188790205,10,0.039204637,0.00606499
10.8,6.40703863,4.188790205,10,0.039597928,0.023597477
10.81666667,6.40703863,4.188790205,10,0.039707519,0.006575483
10.83333333,6.40703863,4.188790205,10,0.04021228,0.030285647
10.85,6.40703863,4.188790205,10,0.040490618,0.016700302
10.86666667,6.40703863,4.188790205,10,0.040874842,0.02305344
10.88333333,6.40703863,4.188790205,10,0.040947558,0.004362935
10.9,6.40703863,4.188790205,10,0.041681796,0.044054294
10.91666667,6.40703863,4.188790205,10,0.04172085,0.002343254
10.93333333,6.40703863,4.188790205,10,0.042090524,0.022180433
10.95,6.40703863,4.188790205,10,0.04219669,0.006369913
10.96666667,6.40703863,4.188790205,10,0.042775368,0.034720689
10.98333333,6.40703863,4.188790205,10,0.042889285,0.006835039
11,6.40703863,4.188790205,10,0.043285567,0.023776934
11.01666667,6.40703863,4.188790205,10,0.043493354,0.012467226
11.03333333,6.40703863,4.188790205,10,0.043863458,0.022206226
11.05,6.40703863,4.188790205,10,0.043967821,0.00626175
11.06666667,6.40703863,4.188790205,10,0.044746787,0.046738
11.08333333,6.40703863,4.188790205,10,0.04483893,0.005528552
11.1,6.40703863,4.188790205,10,0.044924784,0.005151247
11.11666667,6.40703863,4.188790205,10,0.04538082,0.02736217
11.13333333,6.40703863,4.188790205,10,0.045968425,0.035256279
11.15,6.40703863,4.188790205,10,0.046063555,0.00570779
11.16666667,6.40703863,4.188790205,10,0.046403241,0.020381207
11.18333333,6.40703863,4.188790205,10,0.046847304,0.026643769
11.2,6.40703863,4.188790205,10,0.046896252,0.002936877
11.21666667,6.40703863,4.188790205,10,0.047396351,0.030005941
11.23333333,6.40703863,4.188790205,10,0.047481647,0.005117764
11.25,6.40703863,4.188790205,10,0.048132109,0.039027689
11.26666667,6.40703863,4.188790205,10,0.048173381,0.002476319
11.28333333,6.40703863,4.188790205,10,0.048629896,0.027390893
11.3,6.40703863,4.188790205,10,0.048644277,0.000862874
11.31666667,6.40703863,4.188790205,10,0.048632208,-0.000724106
11.33333333,6.40703863,4.188790205,10,0.049358483,0.04357649
11.35,6.40703863,4.188790205,10,0.049422649,0.00384992
11.36666667,6.40703863,4.188790205,10,0.049447165,0.001470961
11.38333333,6.40703863,4.188790205,10,0.049737327,0.017409747
11.4,6.40703863,4.188790205,10,0.049740163,0.000170164
11.41666667,6.40703863,4.188790205,10,0.050413936,0.040426355
11.43333333,6.40703863,4.188790205,10,0.050414517,3.49E-05
11.45,6.40703863,4.188790205,10,0.050417621,0.000186218
11.46666667,6.40703863,4.188790205,10,0.050441452,0.001429857
11.48333333,6.40703863,4.188790205,10,0.050442478,6.16E-05
11.5,6.40703863,4.188790205,10,0.050975733,0.03199533
11.51666667,6.40703863,4.188790205,10,0.050984395,0.000519714
11.53333333,6.40703863,4.188790205,10,0.051006036,0.001298468
11.55,6.40703863,4.188790205,10,0.051010068,0.000241911
11.56666667,6.40703863,4.188790205,10,0.051501408,0.029480358
11.58333333,6.40703863,4.188790205,10,0.051502525,6.70E-05
11.6,6.40703863,4.188790205,10,0.051491331,-0.000671613
11.61666667,6.40703863,4.188790205,10,0.051898225,0.024413615
11.63333333,6.40703863,4.188790205,10,0.051902776,0.000273083
11.65,6.40703863,4.188790205,10,0.052639516,0.044204407
11.66666667,6.40703863,4.188790205,10,0.052707172,0.004059366
11.68333333,6.40703863,4.188790205,10,0.0526526,-0.003274353
11.7,6.40703863,4.188790205,10,0.052653221,3.73E-05
11.71666667,6.40703863,4.188790205,10,0.05305844,0.024313124
11.73333333,6.40703863,4.188790205,10,0.053067801,0.000561668
11.75,6.40703863,4.188790205,10,0.053068137,2.02E-05
11.76666667,6.40703863,4.188790205,10,0.053333422,0.015917132
11.78333333,6.40703863,4.188790205,10,0.053489918,0.009389716
11.8,6.40703863,4.188790205,10,0.054080429,0.035430677
11.81666667,6.40703863,4.188790205,10,0.054083475,0.000182742
11.83333333,6.40703863,4.188790205,10,0.054287189,0.012222847
11.85,6.40703863,4.188790205,10,0.054293499,0.000378606
11.86666667,6.40703863,4.188790205,10,0.054885275,0.035506578
11.88333333,6.40703863,4.188790205,10,0.054904953,0.001180696
11.9,6.40703863,4.188790205,10,0.05500515,0.006011767
11.91666667,6.40703863,4.188790205,10,0.055523601,0.031107066
11.93333333,6.40703863,4.188790205,10,0.055567971,0.002662216
11.95,6.40703863,4.188790205,10,0.05556491,-0.000183678
11.96666667,6.40703863,4.188790205,10,0.055906295,0.020483109
11.98333333,6.40703863,4.188790205,10,0.056559573,0.039196718
12,6.40703863,4.188790205,10,0.056658099,0.00591153
12.01666667,6.40703863,4.188790205,10,0.056658418,1.91E-05
12.03333333,6.40703863,4.188790205,10,0.057044557,0.023168364
12.05,6.40703863,4.188790205,10,0.057039681,-0.000292534
12.06666667,6.40703863,4.188790205,10,0.057168645,0.007737806
12.08333333,6.40703863,4.188790205,10,0.057692389,0.031424623
12.1,6.40703863,4.188790205,10,0.057693984,9.57E-05
12.11666667,6.40703863,4.188790205,10,0.057703287,0.000558125
12.13333333,6.40703863,4.188790205,10,0.057705704,0.000145034
12.15,6.40703863,4.188790205,10,0.058319531,0.036829645
12.16666667,6.40703863,4.188790205,10,0.058321379,0.000110885
12.18333333,6.40703863,4.188790205,10,0.058645647,0.019456083
12.2,6.40703863,4.188790205,10,0.058647076,8.57E-05
12.21666667,6.40703863,4.188790205,10,0.059389531,0.044547289
12.23333333,6.40703863,4.188790205,10,0.059373967,-0.000933856
12.25,6.40703863,4.188790205,10,0.0593837,0.000583981
12.26666667,6.40703863,4.188790205,10,0.060037437,0.039224204
12.28333333,6.40703863,4.188790205,10,0.06003749,3.23E-06
12.3,6.40703863,4.188790205,10,0.060038004,3.08E-05
12.31666667,6.40703863,4.188790205,10,0.060752702,0.042881858
12.33333333,6.40703863,4.188790205,10,0.060755829,0.000187632
12.35,6.40703863,4.188790205,10,0.061450496,0.04168001
12.36666667,6.40703863,4.188790205,10,0.061441658,-0.000530299
12.38333333,6.40703863,4.188790205,10,0.061489199,0.002852481
12.4,6.40703863,4.188790205,10,0.06209786,0.03651964
12.41666667,6.40703863,4.188790205,10,0.06226075,0.009773431
12.43333333,6.40703863,4.188790205,10,0.062788081,0.031639823
12.45,6.40703863,4.188790205,10,0.062788187,6.36E-06
12.46666667,6.40703863,4.188790205,10,0.063188072,0.023993138
12.48333333,6.40703863,4.188790205,10,0.063233477,0.002724267
12.5,6.40703863,4.188790205,10,0.063637281,0.02422824
12.51666667,6.40703863,4.188790205,10,0.063880696,0.014604924
12.53333333,6.40703863,4.188790205,10,0.064115791,0.014105666
12.55,6.40703863,4.188790205,10,0.064157088,0.002477831
12.56666667,6.40703863,4.188790205,10,0.064866924,0.04259017
12.58333333,6.40703863,4.188790205,10,0.064868235,7.87E-05
12.6,6.40703863,4.188790205,10,0.06486822,-9.11E-07
12.61666667,6.40703863,4.188790205,10,0.064881748,0.00081166
12.63333333,6.40703863,4.188790205,10,0.06526069,0.022736561
12.65,6.40703863,4.188790205,10,0.065241744,-0.00113677
12.66666667,6.40703863,4.188790205,10,0.065160206,-0.004892319
12.68333333,6.40703863,4.188790205,10,0.065175678,0.00092835
12.7,6.40703863,4.188790205,10,0.065824924,0.03895474
12.71666667,6.40703863,4.188790205,10,0.065870283,0.002721558
12.73333333,6.40703863,4.188790205,10,0.06588308,0.000767828
12.75,6.40703863,4.188790205,10,0.06588331,1.38E-05
12.76666667,6.40703863,4.188790205,10,0.065873669,-0.000578478
12.78333333,6.40703863,4.188790205,10,0.066069303,0.011738022
12.8,6.40703863,4.188790205,10,0.066325273,0.015358243
12.81666667,6.40703863,4.188790205,10,0.066326728,8.73E-05
12.83333333,6.40703863,4.188790205,10,0.066340195,0.000807972
12.85,6.40703863,4.188790205,10,0.066340324,7.74E-06
12.86666667,6.40703863,4.188790205,10,0.066607631,0.016038451
12.88333333,6.40703863,4.188790205,10,0.066608658,6.16E-05
12.9,6.40703863,4.188790205,10,0.066566291,-0.002542062
12.91666667,6.40703863,4.188790205,10,0.066885102,0.019128702
12.93333333,6.40703863,4.188790205,10,0.066802792,-0.004938632
12.95,6.40703863,4.188790205,10,0.066831579,0.001727246
12.96666667,6.40703863,4.188790205,10,0.066830521,-6.35E-05
12.98333333,6.40703863,4.188790205,10,0.067079024,0.014910177
13,6.40703863,4.188790205,10,0.066984735,-0.005657377
13.01666667,6.40703863,4.188790205,10,0.066955054,-0.001780847
13.03333333,6.40703863,4.188790205,10,0.06695539,2.02E-05
13.05,6.40703863,4.188790205,10,0.066959419,0.000241725
13.06666667,6.40703863,4.188790205,10,0.067034838,0.004525132
13.08333333,6.40703863,4.188790205,10,0.067035616,4.67E-05
13.1,6.40703863,4.188790205,10,0.067033514,-0.00012612
13.11666667,6.40703863,4.188790205,10,0.067036364,0.000170981
13.13333333,6.40703863,4.188790205,10,0.067052579,0.000972902
13.15,6.40703863,4.188790205,10,0.067026266,-0.001578801
13.16666667,6.40703863,4.188790205,10,0.067027327,6.37E-05
13.18333333,6.40703863,4.188790205,10,0.06704775,0.001225395
13.2,6.40703863,4.188790205,10,0.067043575,-0.000250512
13.21666667,6.40703863,4.188790205,10,0.067127826,0.005055068
13.23333333,6.40703863,4.188790205,10,0.067465718,0.02027352
13.25,6.40703863,4.188790205,10,0.067534207,0.004109344
13.26666667,6.40703863,4.188790205,10,0.067575092,0.002453096
13.28333333,6.40703863,4.188790205,10,0.067575368,1.66E-05
13.3,6.40703863,4.188790205,10,0.067574609,-4.56E-05
13.31666667,6.40703863,4.188790205,10,0.06757258,-0.000121732
13.33333333,6.40703863,4.188790205,10,0.06757163,-5.70E-05
13.35,6.40703863,4.188790205,10,0.067620987,0.002961438
13.36666667,6.40703863,4.188790205,10,0.067619264,-0.000103402
13.38333333,6.40703863,4.188790205,10,0.067641108,0.001310687
13.4,6.40703863,4.188790205,10,0.067640978,-7.85E-06
13.41666667,6.40703863,4.188790205,10,0.067859496,0.013111124
13.43333333,6.40703863,4.188790205,10,0.06792558,0.003965004
13.45,6.40703863,4.188790205,10,0.067924721,-5.15E-05
13.46666667,6.40703863,4.188790205,10,0.067923331,-8.34E-05
13.48333333,6.40703863,4.188790205,10,0.067923813,2.89E-05
13.5,6.40703863,4.188790205,10,0.067920446,-0.000202037
13.51666667,6.40703863,4.188790205,10,0.068032873,0.006745615
13.53333333,6.40703863,4.188790205,10,0.068035557,0.000161071
13.55,6.40703863,4.188790205,10,0.068109022,0.004407885
13.56666667,6.40703863,4.188790205,10,0.068120346,0.000679443
13.58333333,6.40703863,4.188790205,10,0.068629895,0.030572931
13.6,6.40703863,4.188790205,10,0.068767291,0.008243758
13.61666667,6.40703863,4.188790205,10,0.068752529,-0.000885733
13.63333333,6.40703863,4.188790205,10,0.068855078,0.006152937
13.65,6.40703863,4.188790205,10,0.069021799,0.010003277
13.66666667,6.40703863,4.188790205,10,0.069175481,0.009220932
13.68333333,6.40703863,4.188790205,10,0.069178958,0.00020859
13.7,6.40703863,4.188790205,10,0.069346921,0.010077802
13.71666667,6.40703863,4.188790205,10,0.069509463,0.009752486
13.73333333,6.40703863,4.188790205,10,0.069503029,-0.000386022
13.75,6.40703863,4.188790205,10,0.06950572,0.000161494
13.76666667,6.40703863,4.188790205,10,0.069641647,0.008155587
13.78333333,6.40703863,4.188790205,10,0.069952438,0.018647471
13.8,6.40703863,4.188790205,10,0.070163753,0.012678909
13.81666667,6.40703863,4.188790205,10,0.070428944,0.015911454
13.83333333,6.40703863,4.188790205,10,0.070548501,0.007173415
13.85,6.40703863,4.188790205,10,0.070605422,0.003415246
13.86666667,6.40703863,4.188790205,10,0.070614992,0.000574206
13.88333333,6.40703863,4.188790205,10,0.071085981,0.028259338
13.9,6.40703863,4.188790205,10,0.071093218,0.000434246
13.91666667,6.40703863,4.188790205,10,0.071094517,7.79E-05
13.93333333,6.40703863,4.188790205,10,0.071226613,0.007925744
13.95,6.40703863,4.188790205,10,0.071457976,0.013881778
13.96666667,6.40703863,4.188790205,10,0.071348765,-0.006552631
13.98333333,6.40703863,4.188790205,10,0.071335678,-0.000785218
14,6.40703863,4.188790205,10,0.07171602,0.022820538
14.01666667,6.40703863,4.188790205,10,0.071728194,0.000730416
14.03333333,6.40703863,4.188790205,10,0.071730762,0.000154066
14.05,6.40703863,4.188790205,10,0.071655979,-0.004486975
14.06666667,6.40703863,4.188790205,10,0.071664191,0.00049272
14.08333333,6.40703863,4.188790205,10,0.071663472,-4.31E-05
14.1,6.40703863,4.188790205,10,0.071955329,0.017511411
14.11666667,6.40703863,4.188790205,10,0.071574508,-0.02284925
14.13333333,6.40703863,4.188790205,10,0.071569374,-0.00030808
14.15,6.40703863,4.188790205,10,0.071587573,0.001091974
14.16666667,6.40703863,4.188790205,10,0.071502549,-0.00510142
14.18333333,6.40703863,4.188790205,10,0.071814446,0.018713807
14.2,6.40703863,4.188790205,10,0.071686253,-0.007691579
14.21666667,6.40703863,4.188790205,10,0.071650431,-0.002149358
14.23333333,6.40703863,4.188790205,10,0.071392276,-0.015489276
14.25,6.40703863,4.188790205,10,0.071340725,-0.003093073
14.26666667,6.40703863,4.188790205,10,0.07134164,5.49E-05
14.28333333,6.40703863,4.188790205,10,0.071604687,0.015782828
14.3,6.40703863,4.188790205,10,0.07159541,-0.000556604
14.31666667,6.40703863,4.188790205,10,0.071346885,-0.014911523
14.33333333,6.40703863,4.188790205,10,0.071293783,-0.003186093
14.35,6.40703863,4.188790205,10,0.071086991,-0.012407516
14.36666667,6.40703863,4.188790205,10,0.070919092,-0.010073957
14.38333333,6.40703863,4.188790205,10,0.070915557,-0.000212118
14.4,6.40703863,4.188790205,10,0.070914813,-4.46E-05
14.41666667,6.40703863,4.188790205,10,0.070361761,-0.033183129
14.43333333,6.40703863,4.188790205,10,0.07036756,0.000347982
14.45,6.40703863,4.188790205,10,0.070266618,-0.006056558
14.46666667,6.40703863,4.188790205,10,0.069899435,-0.022030934
14.48333333,6.40703863,4.188790205,10,0.069623334,-0.016566085
14.5,6.40703863,4.188790205,10,0.069296561,-0.01960639
14.51666667,6.40703863,4.188790205,10,0.069309018,0.000747411
14.53333333,6.40703863,4.188790205,10,0.06911118,-0.011870284
14.55,6.40703863,4.188790205,10,0.069096012,-0.000910048
14.56666667,6.40703863,4.188790205,10,0.069097335,7.93E-05
14.58333333,6.40703863,4.188790205,10,0.068554983,-0.032541067
14.6,6.40703863,4.188790205,10,0.068532061,-0.001375353
14.61666667,6.40703863,4.188790205,10,0.068501319,-0.001844496
14.63333333,6.40703863,4.188790205,10,0.068064036,-0.026237019
14.65,6.40703863,4.188790205,10,0.068065466,8.58E-05
14.66666667,6.40703863,4.188790205,10,0.068047095,-0.001102266
14.68333333,6.40703863,4.188790205,10,0.067642652,-0.024266569
14.7,6.40703863,4.188790205,10,0.067560359,-0.004937589
14.71666667,6.40703863,4.188790205,10,0.067108678,-0.027100877
14.73333333,6.40703863,4.188790205,10,0.066919027,-0.011379032
14.75,6.40703863,4.188790205,10,0.066925252,0.000373498
14.76666667,6.40703863,4.188790205,10,0.066190937,-0.044058872
14.78333333,6.40703863,4.188790205,10,0.066187206,-0.000223877
14.8,6.40703863,4.188790205,10,0.066191601,0.000263669
14.81666667,6.40703863,4.188790205,10,0.066171179,-0.001225275
14.83333333,6.40703863,4.188790205,10,0.066234799,0.003817183
14.85,6.40703863,4.188790205,10,0.065934808,-0.017999445
14.86666667,6.40703863,4.188790205,10,0.066261332,0.019591393
14.88333333,6.40703863,4.188790205,10,0.066274851,0.000811164
14.9,6.40703863,4.188790205,10,0.06639284,0.007079321
14.91666667,6.40703863,4.188790205,10,0.066433442,0.002436135
14.93333333,6.40703863,4.188790205,10,0.066315601,-0.007070448
14.95,6.40703863,4.188790205,10,0.066454662,0.008343644
14.96666667,6.40703863,4.188790205,10,0.066588099,0.008006217
14.98333333,6.40703863,4.188790205,10,0.066855361,0.016035739
15,6.40703863,4.188790205,10,0.066864275,0.00053482
15.01666667,6.40703863,4.188790205,10,0.067117518,0.015194606
15.03333333,6.40703863,4.188790205,10,0.06749042,0.022374085
15.05,6.40703863,4.188790205,10,0.067665792,0.010522334
15.06666667,6.40703863,4.188790205,10,0.067854158,0.011301951
15.08333333,6.40703863,4.188790205,10,0.068169688,0.018931829
15.1,6.40703863,4.188790205,10,0.068479247,0.018573542
15.11666667,6.40703863,4.188790205,10,0.068695001,0.01294523
15.13333333,6.40703863,4.188790205,10,0.069183102,0.029286037
15.15,6.40703863,4.188790205,10,0.069618484,0.026122932
15.16666667,6.40703863,4.188790205,10,0.069868837,0.015021193
15.18333333,6.40703863,4.188790205,10,0.070142966,0.016447745
